实体类型,图层,颜色,线型,线宽,线型描述,线型图案,类型/名称,块名,值,覆盖值,位置 X,位置 Y,起点 X,起点 Y,终点 X,终点 Y,圆心 X,圆心 Y,半径,顶点数据,闭合,高度,角度,尺寸编码,起始角度,终止角度,缩放比例,尺寸样式
图层,0,7,Continuous,18,Solid line,,,,,,,,,,,,,,,,,,,,,,,
图层,中心线层,1,点画线,18,点画线: ____ . ____ . ____ . ____ . ____ . ____,108.0;18.0;18.0;18.0;0.0,,,,,,,,,,,,,,,,,,,,,,
图层,虚线层,6,虚线,18,虚线: __ __ __ __ __ __ __ __ __ __ __ __ __,9.0;9.0;0.0,,,,,,,,,,,,,,,,,,,,,,
图层,细实线层,7,Continuous,18,Solid line,,,,,,,,,,,,,,,,,,,,,,,
图层,粗实线层,7,Continuous,35,Solid line,,,,,,,,,,,,,,,,,,,,,,,
图层,尺寸线层,3,Continuous,18,Solid line,,,,,,,,,,,,,,,,,,,,,,,
图层,剖面线层,4,Continuous,18,Solid line,,,,,,,,,,,,,,,,,,,,,,,
图层,隐藏层,-7,Continuous,18,Solid line,,,,,,,,,,,,,,,,,,,,,,,
图层,Defpoints,7,Continuous,18,Solid line,,,,,,,,,,,,,,,,,,,,,,,
MTEXT,尺寸线层,256,BYLAYER,-1,,,,,{\W0.7;\T1.1;       技术要求 \P\H0.6x;1.焊缝满足图纸大小要求，不得有气孔、夹渣等。\P2.表面喷涂环氧富锌底漆2遍，面漆一遍，表面光滑。\P3.产品总长度控制在正负3毫米以内。\P\H1.66667x;\W1;\T1; },,579.928,-171.571,,,,,,,,,,45,0,,,,,
INSERT,粗实线层,256,BYLAYER,-1,,,,块名: 图框,,,-1336.5,-945,,,,,,,,,,,,,,,,
LINE,细实线层,256,BYLAYER,-1,,,,引用于: 图框,,,,,0,0,2673,0,,,,,,,,,,,,
LINE,细实线层,256,BYLAYER,-1,,,,引用于: 图框,,,,,0,1890,0,0,,,,,,,,,,,,
LINE,粗实线层,256,BYLAYER,-1,,,,引用于: 图框,,,,,90,1800,90,90,,,,,,,,,,,,
LINE,粗实线层,256,BYLAYER,-1,,,,引用于: 图框,,,,,90,90,2583,90,,,,,,,,,,,,
LINE,细实线层,256,BYLAYER,-1,,,,引用于: 图框,,,,,2673,0,2673,1890,,,,,,,,,,,,
LINE,粗实线层,256,BYLAYER,-1,,,,引用于: 图框,,,,,2583,90,2583,1800,,,,,,,,,,,,
LINE,细实线层,256,BYLAYER,-1,,,,引用于: 图框,,,,,2673,1890,0,1890,,,,,,,,,,,,
LINE,粗实线层,256,BYLAYER,-1,,,,引用于: 图框,,,,,2583,1800,90,1800,,,,,,,,,,,,
INSERT,0,256,BYLAYER,-1,,,,块名: 主视图,,,-1100,550,,,,,,,,,,,,,,,,
LINE,粗实线层,256,BYLAYER,-1,,,,引用于: 主视图,,,,,0,80,0,-80,,,,,,,,,,,,
LWPOLYLINE,粗实线层,256,BYLAYER,-1,,,,引用于: 主视图,,,,,,,,,,,,"(1085.01, 100, 0, 0, 0); (1085.01, -100, 0, 0, 0); (150, -100, 0, 0, 0); (150, 100, 0, 0, 0)",是,,,,,,,
LINE,中心线层,256,BYLAYER,-1,,,,引用于: 主视图,,,,,-30.5,0,1242,0,,,,,,,,,,,,
DIMENSION,尺寸线层,256,BYLAYER,-1,,,LINEAR,引用于: 主视图,1235,{\H2.5x;L},1235,185.325,0,80,1235,80,,,,,,,0,32,,,,CUSTOM_DIMSTYLE
DIMENSION,尺寸线层,256,BYLAYER,-1,,,LINEAR,引用于: 主视图,935,L-300,1085,136.694,150,110,1085,100,,,,,,,0,32,,,,CUSTOM_DIMSTYLE
DIMENSION,尺寸线层,256,BYLAYER,-1,,,LINEAR,引用于: 主视图,144,<>,1235,136.694,1091,110,1235,80,,,,,,,0,32,,,,CUSTOM_DIMSTYLE
LINE,粗实线层,256,BYLAYER,-1,,,,引用于: 主视图,,,,,150,100,150,110.194,,,,,,,,,,,,
LINE,粗实线层,256,BYLAYER,-1,,,,引用于: 主视图,,,,,150,110,144,110,,,,,,,,,,,,
LINE,粗实线层,256,BYLAYER,-1,,,,引用于: 主视图,,,,,144,110,144,-110,,,,,,,,,,,,
LINE,虚线层,256,虚线,-1,,,,引用于: 主视图,,,,,1085.01,-94,150,-94,,,,,,,,,,,,
LINE,虚线层,256,虚线,-1,,,,引用于: 主视图,,,,,150,94,1085.01,94,,,,,,,,,,,,
LINE,粗实线层,256,BYLAYER,-1,,,,引用于: 主视图,,,,,150,-100,150,-110.194,,,,,,,,,,,,
LINE,粗实线层,256,BYLAYER,-1,,,,引用于: 主视图,,,,,150,-110,144,-110,,,,,,,,,,,,
LINE,粗实线层,256,BYLAYER,-1,,,,引用于: 主视图,,,,,150,110.194,160.5,100,,,,,,,,,,,,
LINE,粗实线层,256,BYLAYER,-1,,,,引用于: 主视图,,,,,150,-110.194,160.5,-100,,,,,,,,,,,,
LINE,粗实线层,256,BYLAYER,-1,,,,引用于: 主视图,,,,,1085,100,1085,110,,,,,,,,,,,,
LINE,粗实线层,256,BYLAYER,-1,,,,引用于: 主视图,,,,,1085,110,1091,110,,,,,,,,,,,,
LINE,粗实线层,256,BYLAYER,-1,,,,引用于: 主视图,,,,,1091,110,1091,-110,,,,,,,,,,,,
LINE,粗实线层,256,BYLAYER,-1,,,,引用于: 主视图,,,,,1085,-100,1085,-110,,,,,,,,,,,,
LINE,粗实线层,256,BYLAYER,-1,,,,引用于: 主视图,,,,,1085,-110,1091,-110,,,,,,,,,,,,
LINE,粗实线层,256,BYLAYER,-1,,,,引用于: 主视图,,,,,1085,110,1075,100,,,,,,,,,,,,
LINE,粗实线层,256,BYLAYER,-1,,,,引用于: 主视图,,,,,1085,-110,1075,-100,,,,,,,,,,,,
LINE,粗实线层,256,BYLAYER,-1,,,,引用于: 主视图,,,,,144,80,0,80,,,,,,,,,,,,
LINE,粗实线层,256,BYLAYER,-1,,,,引用于: 主视图,,,,,1235,80,1091,80,,,,,,,,,,,,
LINE,虚线层,256,虚线,-1,,,,引用于: 主视图,,,,,1085.01,80,150,80,,,,,,,,,,,,
LINE,粗实线层,256,BYLAYER,-1,,,,引用于: 主视图,,,,,1091,-80,1235,-80,,,,,,,,,,,,
CIRCLE,虚线层,256,虚线,-1,,,,引用于: 主视图,,,,,,,,,617.505,0,12.5,,,,,,,,,
LINE,粗实线层,256,BYLAYER,-1,,,,引用于: 主视图,,,,,144,-80,0,-80,,,,,,,,,,,,
LINE,虚线层,256,虚线,-1,,,,引用于: 主视图,,,,,1085.01,-80,150,-80,,,,,,,,,,,,
DIMENSION,尺寸线层,256,BYLAYER,-1,,,LINEAR,引用于: 主视图,100,<>,386,31.597,286,12.5,386,12.5,,,,,,,0,32,,,,CUSTOM_DIMSTYLE
DIMENSION,尺寸线层,256,BYLAYER,-1,,,LINEAR,引用于: 主视图,100,<>,956,31.597,856,12.5,956,12.5,,,,,,,0,32,,,,CUSTOM_DIMSTYLE
LINE,粗实线层,256,BYLAYER,-1,,,,引用于: 主视图,,,,,0,12.5,144,12.5,,,,,,,,,,,,
LINE,虚线层,256,虚线,-1,,,,引用于: 主视图,,,,,150,12.5,286,12.5,,,,,,,,,,,,
LINE,粗实线层,256,BYLAYER,-1,,,,引用于: 主视图,,,,,0,-12.5,144,-12.5,,,,,,,,,,,,
LINE,虚线层,256,虚线,-1,,,,引用于: 主视图,,,,,150,-12.5,286,-12.5,,,,,,,,,,,,
LINE,虚线层,256,虚线,-1,,,,引用于: 主视图,,,,,286,12.5,386,12.5,,,,,,,,,,,,
LINE,虚线层,256,虚线,-1,,,,引用于: 主视图,,,,,386,12.5,386,-12.5,,,,,,,,,,,,
LINE,虚线层,256,虚线,-1,,,,引用于: 主视图,,,,,286,-12.5,386,-12.5,,,,,,,,,,,,
LINE,粗实线层,256,BYLAYER,-1,,,,引用于: 主视图,,,,,1235,12.5,1091,12.5,,,,,,,,,,,,
LINE,虚线层,256,虚线,-1,,,,引用于: 主视图,,,,,1085.01,12.5,956,12.5,,,,,,,,,,,,
LINE,粗实线层,256,BYLAYER,-1,,,,引用于: 主视图,,,,,1235,-12.5,1091,-12.5,,,,,,,,,,,,
LINE,虚线层,256,虚线,-1,,,,引用于: 主视图,,,,,1085.01,-12.5,956,-12.5,,,,,,,,,,,,
LINE,虚线层,256,虚线,-1,,,,引用于: 主视图,,,,,956,12.5,856,12.5,,,,,,,,,,,,
LINE,虚线层,256,虚线,-1,,,,引用于: 主视图,,,,,856,12.5,856,-12.5,,,,,,,,,,,,
LINE,虚线层,256,虚线,-1,,,,引用于: 主视图,,,,,956,-12.5,856,-12.5,,,,,,,,,,,,
DIMENSION,尺寸线层,256,BYLAYER,-1,,,LINEAR,引用于: 主视图,6,<>,150,136.694,144,110,150,110.194,,,,,,,0,32,,,,CUSTOM_DIMSTYLE
DIMENSION,尺寸线层,256,BYLAYER,-1,,,LINEAR,引用于: 主视图,6,<>,1091,136.694,1085,110,1091,110,,,,,,,0,32,,,,CUSTOM_DIMSTYLE
LINE,粗实线层,256,BYLAYER,-1,,,,引用于: 主视图,,,,,1235,-80,1235,80,,,,,,,,,,,,
DIMENSION,尺寸线层,256,BYLAYER,-1,,,LINEAR,引用于: 主视图,144,<>,144,136.694,0,80,144,85,,,,,,,0,32,,,,CUSTOM_DIMSTYLE
LINE,虚线层,256,虚线,-1,,,,引用于: 主视图,,,,,286,12.5,286,-12.5,,,,,,,,,,,,
LINE,虚线层,256,虚线,-1,,,,引用于: 主视图,,,,,956,12.5,956,-12.5,,,,,,,,,,,,
HATCH,剖面线层,256,BYLAYER,-1,,,AR-CONC,引用于: 主视图,,,,,,,,,,,,"(150, 80); (150, 94); (150, 94); (1085.01, 94); (1085.01, 94); (1085.01, 80); (1085.01, 80); (150, 80)",,,,,,,1,
HATCH,剖面线层,256,BYLAYER,-1,,,AR-CONC,引用于: 主视图,,,,,,,,,,,,"(150, -94); (150, -80); (150, -80); (1085.01, -80); (1085.01, -80); (1085.01, -94); (1085.01, -94); (150, -94)",,,,,,,1,
DIMENSION,尺寸线层,256,BYLAYER,-1,,,DIAMETER,引用于: 主视图,25,<>*40,568.302,27.388,,,,,617.505,0,,,,,150.899,163,,,,CUSTOM_DIMSTYLE
MTEXT,尺寸线层,256,BYLAYER,-1,,,,引用于: 主视图,"\W0.7;\T1.1;L=7100-1件, L=4100-1件, L=3700-8件, L=2900-5件,\P共计15件",,83.685,-157.364,,,,,,,,,,45,0,,,,,
HATCH,0,256,BYLAYER,-1,,,SOLID,引用于: 主视图,,,,,,,,,,,,"(150, 100); (150, 110); (150, 110); (150, 110.194); (150, 110.194); (160.5, 100); (160.5, 100); (150, 100)",,,,,,,1,
HATCH,0,256,BYLAYER,-1,,,SOLID,引用于: 主视图,,,,,,,,,,,,"(150, -110); (150, -100); (150, -100); (160.5, -100); (160.5, -100); (150, -110.194); (150, -110.194); (150, -110)",,,,,,,1,
HATCH,0,256,BYLAYER,-1,,,SOLID,引用于: 主视图,,,,,,,,,,,,"(1075, 100); (1085, 110); (1085, 110); (1085, 100); (1085, 100); (1075, 100)",,,,,,,1,
HATCH,0,256,BYLAYER,-1,,,SOLID,引用于: 主视图,,,,,,,,,,,,"(1085, -110); (1075, -100); (1075, -100); (1085, -100); (1085, -100); (1085, -110)",,,,,,,1,
INSERT,尺寸线层,256,BYLAYER,-1,,,,块名: *X14,,,-944.965,444.086,,,,,,,,,,,,,,,,
LINE,尺寸线层,0,Continuous,-2,,,,引用于: *X14,,,,,0,0,26.021,-26.762,,,,,,,,,,,,
LINE,尺寸线层,0,Continuous,-1,,,,引用于: *X14,,,,,56.086,-26.762,83.086,-26.762,,,,,,,,,,,,
LINE,尺寸线层,0,Continuous,-1,,,,引用于: *X14,,,,,56.086,-26.762,56.086,-6.561,,,,,,,,,,,,
LINE,尺寸线层,0,Continuous,-1,,,,引用于: *X14,,,,,76.286,-26.762,56.086,-6.561,,,,,,,,,,,,
MTEXT,尺寸线层,0,BYLAYER,-1,,,,引用于: *X14,{\T1.1;10},,31.502,-6.057,,,,,,,,,,15,0,,,,,
LINE,尺寸线层,0,Continuous,-2,,,,引用于: *X14,,,,,26.021,-26.762,88.502,-26.762,,,,,,,,,,,,
INSERT,尺寸线层,256,BYLAYER,-1,,,,块名: *X15,,,-737.059,547.178,,,,,,,,,,,,,,,,
LINE,尺寸线层,0,Continuous,-1,,,,引用于: *X15,,,,,0,0,35.285,-52.806,,,,,,,,,,,,
LINE,尺寸线层,0,BYLAYER,-1,,,,引用于: *X15,,,,,35.285,-52.806,37.5,-52.806,,,,,,,,,,,,
MTEXT,尺寸线层,0,BYLAYER,-1,,,,引用于: *X15,{\T1.1;位移块},,33.209,-18.669,,,,,,,,,,25,0,,,,,
LINE,尺寸线层,0,BYLAYER,-1,,,,引用于: *X15,,,,,37.5,-52.806,144.053,-52.806,,,,,,,,,,,,
LINE,尺寸线层,0,BYLAYER,-1,,,,引用于: *X15,,,,,37.5,-52.806,37.5,-52.806,,,,,,,,,,,,
INSERT,尺寸线层,256,BYLAYER,-1,,,,块名: *X16,,,-479.998,550.502,,,,,,,,,,,,,,,,
LINE,尺寸线层,0,Continuous,-1,,,,引用于: *X16,,,,,0,0,35.285,17.069,,,,,,,,,,,,
LINE,尺寸线层,0,BYLAYER,-1,,,,引用于: *X16,,,,,35.285,17.069,37.5,17.069,,,,,,,,,,,,
MTEXT,尺寸线层,0,BYLAYER,-1,,,,引用于: *X16,{\T1.1;定位块},,36.379,52.176,,,,,,,,,,25,0,,,,,
LINE,尺寸线层,0,BYLAYER,-1,,,,引用于: *X16,,,,,37.5,17.069,143.349,17.069,,,,,,,,,,,,
LINE,尺寸线层,0,BYLAYER,-1,,,,引用于: *X16,,,,,37.5,17.069,37.5,17.069,,,,,,,,,,,,
INSERT,0,256,BYLAYER,-1,,,,块名: 端面,,,450,550,,,,,,,,,,,,,,,,
LWPOLYLINE,粗实线层,256,BYLAYER,-1,,,,引用于: 端面,,,,,,,,,,,,"(-95, 100, 0, 0, 0); (95, 100, 0, 0, -0.414); (100, 95, 0, 0, 0); (100, -95, 0, 0, -0.414); (95, -100, 0, 0, 0); (-95, -100, 0, 0, -0.414); (-100, -95, 0, 0, 0); (-100, 95, 0, 0, -0.414)",是,,,,,,,
LINE,中心线层,256,BYLAYER,-1,,,,引用于: 端面,,,,,-114.766,0,114.766,0,,,,,,,,,,,,
LINE,中心线层,256,BYLAYER,-1,,,,引用于: 端面,,,,,0,119.5,0,-119.5,,,,,,,,,,,,
MTEXT,尺寸线层,256,BYLAYER,-1,,,,引用于: 端面,\T1.1;10,,120.069,89.147,,,,,,,,,,20,0,,,,,
DIMENSION,尺寸线层,256,BYLAYER,-1,,,LINEAR,引用于: 端面,4,4,100,115.166,96,-61.806,100,-61.806,,,,,,,0,160,,,,CUSTOM_DIMSTYLE
LINE,粗实线层,256,BYLAYER,-1,,,,引用于: 端面,,,,,-10,80,10,80,,,,,,,,,,,,
LINE,粗实线层,256,BYLAYER,-1,,,,引用于: 端面,,,,,-10,-80,10,-80,,,,,,,,,,,,
LINE,粗实线层,256,BYLAYER,-1,,,,引用于: 端面,,,,,10,80,10,-80,,,,,,,,,,,,
LINE,粗实线层,256,BYLAYER,-1,,,,引用于: 端面,,,,,-10,80,-10,-80,,,,,,,,,,,,
LINE,粗实线层,256,BYLAYER,-1,,,,引用于: 端面,,,,,-80,10,-80,-10,,,,,,,,,,,,
LINE,粗实线层,256,BYLAYER,-1,,,,引用于: 端面,,,,,-10,-10,-80,-10,,,,,,,,,,,,
LINE,粗实线层,256,BYLAYER,-1,,,,引用于: 端面,,,,,-10,10,-80,10,,,,,,,,,,,,
LINE,粗实线层,256,BYLAYER,-1,,,,引用于: 端面,,,,,80,10,80,-10,,,,,,,,,,,,
LINE,粗实线层,256,BYLAYER,-1,,,,引用于: 端面,,,,,10,-10,80,-10,,,,,,,,,,,,
LWPOLYLINE,粗实线层,256,BYLAYER,-1,,,,引用于: 端面,,,,,,,,,,,,"(-89, 96, 0, 0, 0); (89, 96, 0, 0, -0.414); (96, 89, 0, 0, 0); (96, -89, 0, 0, -0.414); (89, -96, 0, 0, 0); (-89, -96, 0, 0, -0.414); (-96, -89, 0, 0, 0); (-96, 89, 0, 0, -0.414)",是,,,,,,,
LINE,粗实线层,256,BYLAYER,-1,,,,引用于: 端面,,,,,10,10,80,10,,,,,,,,,,,,
MTEXT,尺寸线层,256,BYLAYER,-1,,,,引用于: 端面,{\W0.7;\T1.1;端部断面图},,-100,-150,,,,,,,,,,45,0,,,,,
LINE,0,256,BYLAYER,-1,,,,引用于: 端面,,,,,26,10,10,26,,,,,,,,,,,,
LINE,0,256,BYLAYER,-1,,,,引用于: 端面,,,,,-26,10,-10,26,,,,,,,,,,,,
LINE,0,256,BYLAYER,-1,,,,引用于: 端面,,,,,-26,-10,-10,-26,,,,,,,,,,,,
LINE,0,256,BYLAYER,-1,,,,引用于: 端面,,,,,26,-10,10,-26,,,,,,,,,,,,
HATCH,0,256,BYLAYER,-1,,,SOLID,引用于: 端面,,,,,,,,,,,,"(-26, 10); (-10, 26); (-10, 26); (-10, 10); (-10, 10); (-26, 10)",,,,,,,1,
HATCH,0,256,BYLAYER,-1,,,SOLID,引用于: 端面,,,,,,,,,,,,"(10, 10); (10, 26); (10, 26); (26, 10); (26, 10); (10, 10)",,,,,,,1,
HATCH,0,256,BYLAYER,-1,,,SOLID,引用于: 端面,,,,,,,,,,,,"(-10, -26); (-26, -10); (-26, -10); (-10, -10); (-10, -10); (-10, -26)",,,,,,,1,
HATCH,0,256,BYLAYER,-1,,,SOLID,引用于: 端面,,,,,,,,,,,,"(10, -26); (10, -10); (10, -10); (26, -10); (26, -10); (10, -26)",,,,,,,1,
HATCH,剖面线层,256,BYLAYER,-1,,,AR-CONC,引用于: 端面,,,,,,,,,,,,"(-96, 0); (-96, 89); (-89, 96, 0.414; (-96, 89); (-89, 96); (0, 96); (0, 96); (0, 80); (0, 80); (-10, 80); (-10, 80); (-10, 60); (-10, 60); (-10, 60); (-10, 60); (-10, 44); (-10, 44); (-10, 26); (-10, 26); (-26, 10); (-26, 10); (-80, 10); (-80, 10); (-80, -0); (-80, -0); (-96, 0)",,,,,,,1,
HATCH,剖面线层,256,BYLAYER,-1,,,AR-CONC,引用于: 端面,,,,,,,,,,,,"(10, 26); (10, 44); (10, 44); (10, 60); (10, 60); (10, 60); (10, 60); (10, 80); (10, 80); (0, 80); (0, 80); (0, 96); (0, 96); (89, 96); (96, 89, 0.414; (89, 96); (96, 89); (96, 0); (96, 0); (80, 0); (80, 0); (80, 10); (80, 10); (26, 10); (26, 10); (10, 26)",,,,,,,1,
HATCH,剖面线层,256,BYLAYER,-1,,,AR-CONC,引用于: 端面,,,,,,,,,,,,"(10, -44); (10, -26); (10, -26); (26, -10); (26, -10); (80, -10); (80, -10); (80, 0); (80, 0); (96, 0); (96, 0); (96, -89); (89, -96, 0.414; (96, -89); (89, -96); (0, -96); (0, -96); (0, -80); (0, -80); (10, -80); (10, -80); (10, -60); (10, -60); (10, -60); (10, -60); (10, -44)",,,,,,,1,
HATCH,剖面线层,256,BYLAYER,-1,,,AR-CONC,引用于: 端面,,,,,,,,,,,,"(-96, -89); (-96, 0); (-96, 0); (-80, 0); (-80, 0); (-80, -10); (-80, -10); (-26, -10); (-26, -10); (-10, -26); (-10, -26); (-10, -44); (-10, -44); (-10, -60); (-10, -60); (-10, -60); (-10, -60); (-10, -80); (-10, -80); (0, -80); (0, -80); (0, -96); (0, -96); (-89, -96); (-96, -89, 0.414; (-89, -96)",,,,,,,1,
DIMENSION,尺寸线层,256,BYLAYER,-1,,,LINEAR,引用于: 端面,20,12,10,126.338,-10,34.061,10,33.717,,,,,,,360,160,,,,CUSTOM_DIMSTYLE
DIMENSION,尺寸线层,256,BYLAYER,-1,,,LINEAR,引用于: 端面,160,140,80,155.244,-80,10,80,10,,,,,,,0,160,,,,CUSTOM_DIMSTYLE
DIMENSION,尺寸线层,256,BYLAYER,-1,,,LINEAR,引用于: 端面,160,140,-134.544,-80,-10,80,-10,-80,,,,,,,90,160,,,,CUSTOM_DIMSTYLE
DIMENSION,尺寸线层,256,BYLAYER,-1,,,LINEAR,引用于: 端面,20,12,138.13,-10,80,10,80,-10,,,,,,,90,160,,,,CUSTOM_DIMSTYLE
DIMENSION,尺寸线层,256,BYLAYER,-1,,,LINEAR,引用于: 端面,200,200,-175.882,-100,-95,100,-95,-100,,,,,,,90,160,,,,CUSTOM_DIMSTYLE
DIMENSION,尺寸线层,256,BYLAYER,-1,,,LINEAR,引用于: 端面,200,200,100,185.626,-100,95,100,95,,,,,,,0,160,,,,CUSTOM_DIMSTYLE
INSERT,尺寸线层,256,BYLAYER,-1,,,,块名: *X25,,,468,568,,,,,,,,,,,,,,,,
LINE,尺寸线层,0,Continuous,-2,,,,引用于: *X25,,,,,0,0,106.772,48.272,,,,,,,,,,,,
LINE,尺寸线层,0,Continuous,-1,,,,引用于: *X25,,,,,135.122,48.272,162.122,48.272,,,,,,,,,,,,
LINE,尺寸线层,0,Continuous,-1,,,,引用于: *X25,,,,,135.122,48.272,135.122,75.272,,,,,,,,,,,,
LINE,尺寸线层,0,Continuous,-1,,,,引用于: *X25,,,,,162.122,48.272,135.122,75.272,,,,,,,,,,,,
ARC,尺寸线层,0,Continuous,-1,,,,引用于: *X25,,,,,,,,,170.222,86.072,20.25,,,,,,180,270,,
LINE,尺寸线层,0,Continuous,-1,,,,引用于: *X25,,,,,223.465,48.272,250.465,75.272,,,,,,,,,,,,
LINE,尺寸线层,0,Continuous,-1,,,,引用于: *X25,,,,,223.465,48.272,250.465,21.272,,,,,,,,,,,,
MTEXT,尺寸线层,0,BYLAYER,-1,,,,引用于: *X25,{\T1.1;300},,175.399,70.67,,,,,,,,,,20,0,,,,,
MTEXT,尺寸线层,0,BYLAYER,-1,,,,引用于: *X25,{\T1.1;4条},,248.327,67.363,,,,,,,,,,27,0,,,,,
LINE,尺寸线层,0,Continuous,-2,,,,引用于: *X25,,,,,106.772,48.272,223.465,48.272,,,,,,,,,,,,
LINE,尺寸线层,0,虚线,-1,,,,引用于: *X25,,,,,106.772,40.172,223.465,40.172,,,,,,,,,,,,
INSERT,0,256,BYLAYER,-1,,,,块名: 耗能面,,,1000,550.798,,,,,,,,,,,,,,,,
LWPOLYLINE,粗实线层,256,BYLAYER,-1,,,,引用于: 耗能面,,,,,,,,,,,,"(-95, 100, 0, 0, 0); (95, 100, 0, 0, -0.414); (100, 95, 0, 0, 0); (100, -95, 0, 0, -0.414); (95, -100, 0, 0, 0); (-95, -100, 0, 0, -0.414); (-100, -95, 0, 0, 0); (-100, 95, 0, 0, -0.414)",是,,,,,,,
LWPOLYLINE,粗实线层,256,BYLAYER,-1,,,,引用于: 耗能面,,,,,,,,,,,,"(-89, 94, 0, 0, 0); (89, 94, 0, 0, -0.414); (94, 89, 0, 0, 0); (94, -89, 0, 0, -0.414); (89, -94, 0, 0, 0); (-89, -94, 0, 0, -0.414); (-94, -89, 0, 0, 0); (-94, 89, 0, 0, -0.414)",是,,,,,,,
LINE,中心线层,256,BYLAYER,-1,,,,引用于: 耗能面,,,,,-115.5,0,115.5,0,,,,,,,,,,,,
LINE,中心线层,256,BYLAYER,-1,,,,引用于: 耗能面,,,,,0,119.5,0,-119.5,,,,,,,,,,,,
MTEXT,尺寸线层,256,BYLAYER,-1,,,,引用于: 耗能面,{\W0.7;\T1.1;耗能段断面图},,-150.609,-157.778,,,,,,,,,,45,0,,,,,
LINE,粗实线层,256,BYLAYER,-1,,,,引用于: 耗能面,,,,,-10,80,10,80,,,,,,,,,,,,
LINE,粗实线层,256,BYLAYER,-1,,,,引用于: 耗能面,,,,,-10,-80,10,-80,,,,,,,,,,,,
LINE,粗实线层,256,BYLAYER,-1,,,,引用于: 耗能面,,,,,10,80,10,-80,,,,,,,,,,,,
LINE,粗实线层,256,BYLAYER,-1,,,,引用于: 耗能面,,,,,-10,80,-10,-80,,,,,,,,,,,,
DIMENSION,尺寸线层,256,BYLAYER,-1,,,LINEAR,引用于: 耗能面,20,12,10,129.043,-10,60,10,60,,,,,,,0,160,,,,CUSTOM_DIMSTYLE
DIMENSION,尺寸线层,256,BYLAYER,-1,,,LINEAR,引用于: 耗能面,160,140,-132.252,80,-10,-80,-10,80,,,,,,,90,160,,,,CUSTOM_DIMSTYLE
HATCH,剖面线层,256,BYLAYER,-1,,,AR-CONC,引用于: 耗能面,,,,,,,,,,,,"(-94, 0); (-94, 89); (-89, 94, 0.414; (-94, 89); (-89, 94); (0, 94); (0, 94); (0, 80); (0, 80); (-10, 80); (-10, 80); (-10, 60); (-10, 60); (-10, 60); (-10, 60); (-10, 0); (-10, 0); (-94, 0)",,,,,,,1,
HATCH,剖面线层,256,BYLAYER,-1,,,AR-CONC,引用于: 耗能面,,,,,,,,,,,,"(10, 0); (10, 60); (10, 60); (10, 60); (10, 60); (10, 80); (10, 80); (0, 80); (0, 80); (0, 94); (0, 94); (89, 94); (94, 89, 0.414; (89, 94); (94, 89); (94, 0); (94, 0); (10, 0)",,,,,,,1,
HATCH,剖面线层,256,BYLAYER,-1,,,AR-CONC,引用于: 耗能面,,,,,,,,,,,,"(-94, -89); (-94, 0); (-94, 0); (-10, 0); (-10, 0); (-10, -60); (-10, -60); (-10, -60); (-10, -60); (-10, -80); (-10, -80); (0, -80); (0, -80); (0, -94); (0, -94); (-89, -94); (-94, -89, 0.414; (-89, -94)",,,,,,,1,
HATCH,剖面线层,256,BYLAYER,-1,,,AR-CONC,引用于: 耗能面,,,,,,,,,,,,"(10, -60); (10, -0); (10, -0); (94, 0); (94, 0); (94, -89); (89, -94, 0.414; (94, -89); (89, -94); (0, -94); (0, -94); (0, -80); (0, -80); (10, -80); (10, -80); (10, -60); (10, -60); (10, -60)",,,,,,,1,
INSERT,0,256,BYLAYER,-1,,,,块名: 连接板,,,-491.087,-276.036,,,,,,,,,,,,,,,,
LINE,粗实线层,256,BYLAYER,-1,,,,引用于: 连接板,,,,,0,70,0,0,,,,,,,,,,,,
LINE,粗实线层,256,BYLAYER,-1,,,,引用于: 连接板,,,,,300,0,300,70,,,,,,,,,,,,
LINE,粗实线层,256,BYLAYER,-1,,,,引用于: 连接板,,,,,300,70,0,70,,,,,,,,,,,,
LINE,粗实线层,256,BYLAYER,-1,,,,引用于: 连接板,,,,,300,0,0,0,,,,,,,,,,,,
MTEXT,尺寸线层,256,BYLAYER,-1,,,,引用于: 连接板,\W0.7;\T1.1;连接板 H=12-60件,,-33.999,-53.214,,,,,,,,,,45,0,,,,,
DIMENSION,尺寸线层,256,BYLAYER,-1,,,LINEAR,引用于: 连接板,300,<>,300,114.214,0,70,300,70,,,,,,,0,32,,,,CUSTOM_DIMSTYLE
DIMENSION,尺寸线层,256,BYLAYER,-1,,,LINEAR,引用于: 连接板,70,64,-37.439,70,0,0,0,70,,,,,,,90,32,,,,CUSTOM_DIMSTYLE
INSERT,0,256,BYLAYER,-1,,,,块名: 挡板,,,322.612,-156.437,,,,,,,,,,,,,,,,
LWPOLYLINE,粗实线层,256,BYLAYER,-1,,,,引用于: 挡板,,,,,,,,,,,,"(-100, 110, 0, 0, 0); (100, 110, 0, 0, -0.414); (110, 100, 0, 0, 0); (110, -100, 0, 0, -0.414); (100, -110, 0, 0, 0); (-100, -110, 0, 0, -0.414); (-110, -100, 0, 0, 0); (-110, 100, 0, 0, -0.414)",是,,,,,,,
LINE,中心线层,256,BYLAYER,-1,,,,引用于: 挡板,,,,,-132.5,0,132.5,0,,,,,,,,,,,,
LINE,中心线层,256,BYLAYER,-1,,,,引用于: 挡板,,,,,0,132.25,0,-132.25,,,,,,,,,,,,
DIMENSION,尺寸线层,256,BYLAYER,-1,,,LINEAR,引用于: 挡板,220,215,170.427,110,100,-110,100,110,,,,,,,90,32,,,,CUSTOM_DIMSTYLE
MTEXT,尺寸线层,256,BYLAYER,-1,,,,引用于: 挡板,\W0.7;\T1.1;挡板H=6-30件,,-104.964,-169.375,,,,,,,,,,45,0,,,,,
DIMENSION,尺寸线层,256,BYLAYER,-1,,,RADIUS,引用于: 挡板,10,,180.34,-139.499,,,,,105,-105,,,,,-35.099,164,,,,CUSTOM_DIMSTYLE
DIMENSION,尺寸线层,256,BYLAYER,-1,,,LINEAR,引用于: 挡板,220,215,110,204.87,-110,100,110,100,,,,,,,0,160,,,,CUSTOM_DIMSTYLE
LINE,粗实线层,256,BYLAYER,-1,,,,引用于: 挡板,,,,,-12.5,82.5,12.5,82.5,,,,,,,,,,,,
LINE,粗实线层,256,BYLAYER,-1,,,,引用于: 挡板,,,,,-12.5,-82.5,12.5,-82.5,,,,,,,,,,,,
DIMENSION,尺寸线层,256,BYLAYER,-1,,,LINEAR,引用于: 挡板,165,145,82.5,175.196,-82.5,12.5,82.5,12.5,,,,,,,0,160,,,,CUSTOM_DIMSTYLE
DIMENSION,尺寸线层,256,BYLAYER,-1,,,LINEAR,引用于: 挡板,25,17,12.5,144.951,-12.5,35,12.5,34.398,,,,,,,0,160,,,,CUSTOM_DIMSTYLE
LINE,粗实线层,256,BYLAYER,-1,,,,引用于: 挡板,,,,,-82.5,12.5,-82.5,-12.5,,,,,,,,,,,,
LINE,粗实线层,256,BYLAYER,-1,,,,引用于: 挡板,,,,,82.586,12.5,82.586,-12.5,,,,,,,,,,,,
DIMENSION,尺寸线层,256,BYLAYER,-1,,,LINEAR,引用于: 挡板,25,17,-141.086,12.5,-82.5,-12.5,-82.5,12.5,,,,,,,90,32,,,,CUSTOM_DIMSTYLE
DIMENSION,尺寸线层,256,BYLAYER,-1,,,LINEAR,引用于: 挡板,165,145,-182.282,82.5,-12.5,-82.5,-12.5,82.5,,,,,,,90,160,,,,CUSTOM_DIMSTYLE
LINE,粗实线层,256,BYLAYER,-1,,,,引用于: 挡板,,,,,12.5,28.5,28.5,12.5,,,,,,,,,,,,
LINE,粗实线层,256,BYLAYER,-1,,,,引用于: 挡板,,,,,12.5,82.5,12.5,28.5,,,,,,,,,,,,
LINE,粗实线层,256,BYLAYER,-1,,,,引用于: 挡板,,,,,28.5,12.5,82.586,12.5,,,,,,,,,,,,
LINE,粗实线层,256,BYLAYER,-1,,,,引用于: 挡板,,,,,-28.5,12.5,-12.5,28.5,,,,,,,,,,,,
LINE,粗实线层,256,BYLAYER,-1,,,,引用于: 挡板,,,,,-28.5,12.5,-82.5,12.5,,,,,,,,,,,,
LINE,粗实线层,256,BYLAYER,-1,,,,引用于: 挡板,,,,,-12.5,82.5,-12.5,28.5,,,,,,,,,,,,
LINE,粗实线层,256,BYLAYER,-1,,,,引用于: 挡板,,,,,-28.5,-12.5,-12.5,-28.5,,,,,,,,,,,,
LINE,粗实线层,256,BYLAYER,-1,,,,引用于: 挡板,,,,,-28.5,-12.5,-82.5,-12.5,,,,,,,,,,,,
LINE,粗实线层,256,BYLAYER,-1,,,,引用于: 挡板,,,,,-12.5,-28.5,-12.5,-82.5,,,,,,,,,,,,
LINE,粗实线层,256,BYLAYER,-1,,,,引用于: 挡板,,,,,28.5,-12.5,12.5,-28.5,,,,,,,,,,,,
LINE,粗实线层,256,BYLAYER,-1,,,,引用于: 挡板,,,,,28.5,-12.5,82.586,-12.5,,,,,,,,,,,,
LINE,粗实线层,256,BYLAYER,-1,,,,引用于: 挡板,,,,,12.5,-28.5,12.5,-82.5,,,,,,,,,,,,
LINE,尺寸线层,256,BYLAYER,-1,,,,引用于: 挡板,,,,,22.622,-19.044,57.589,-48.614,,,,,,,,,,,,
MTEXT,尺寸线层,256,BYLAYER,-1,,,,引用于: 挡板,\T1.1;C10,,56.909,-25.861,,,,,,,,,,20,0,,,,,
LINE,尺寸线层,256,BYLAYER,-1,,,,引用于: 挡板,,,,,57.589,-48.614,103.077,-48.614,,,,,,,,,,,,
INSERT,0,256,BYLAYER,-1,,,,块名: 标题,,,1246.5,-855,,,,,,,,,,,,,,,,
LINE,粗实线层,256,BYLAYER,-1,,,,引用于: 标题,,,,,-1620,0,0,0,,,,,,,,,,,,
LINE,粗实线层,256,BYLAYER,-1,,,,引用于: 标题,,,,,0,0,0,405,,,,,,,,,,,,
LINE,粗实线层,256,BYLAYER,-1,,,,引用于: 标题,,,,,-1620,405,-1620,0,,,,,,,,,,,,
LINE,粗实线层,256,BYLAYER,-1,,,,引用于: 标题,,,,,-1080,405,-1080,0,,,,,,,,,,,,
LINE,粗实线层,256,BYLAYER,-1,,,,引用于: 标题,,,,,-540,405,-540,0,,,,,,,,,,,,
LINE,细实线层,256,BYLAYER,-1,,,,引用于: 标题,,,,,-1620,225,-1080,225,,,,,,,,,,,,
LINE,细实线层,256,BYLAYER,-1,,,,引用于: 标题,,,,,-1620,270,-1080,270,,,,,,,,,,,,
LINE,细实线层,256,BYLAYER,-1,,,,引用于: 标题,,,,,-1620,315,-1080,315,,,,,,,,,,,,
LINE,细实线层,256,BYLAYER,-1,,,,引用于: 标题,,,,,-1620,360,-1080,360,,,,,,,,,,,,
LINE,细实线层,256,BYLAYER,-1,,,,引用于: 标题,,,,,-1485,405,-1485,0,,,,,,,,,,,,
LINE,细实线层,256,BYLAYER,-1,,,,引用于: 标题,,,,,-1215,180,-1215,0,,,,,,,,,,,,
LINE,粗实线层,256,BYLAYER,-1,,,,引用于: 标题,,,,,-1350,180,-1350,0,,,,,,,,,,,,
LINE,细实线层,256,BYLAYER,-1,,,,引用于: 标题,,,,,-1548,405,-1548,180,,,,,,,,,,,,
LINE,粗实线层,256,BYLAYER,-1,,,,引用于: 标题,,,,,-1620,180,-540,180,,,,,,,,,,,,
LINE,细实线层,256,BYLAYER,-1,,,,引用于: 标题,,,,,-1305,405,-1305,180,,,,,,,,,,,,
LINE,细实线层,256,BYLAYER,-1,,,,引用于: 标题,,,,,-1170,405,-1170,180,,,,,,,,,,,,
MTEXT,尺寸线层,256,BYLAYER,-1,,,,引用于: 标题,{\T1.1;标记},,-1615.492,216.278,,,,,,,,,,22.5,0,,,,,
MTEXT,尺寸线层,256,BYLAYER,-1,,,,引用于: 标题,{\T1.1;处数},,-1547.008,216.934,,,,,,,,,,22.5,0,,,,,
MTEXT,尺寸线层,256,BYLAYER,-1,,,,引用于: 标题,{\T1.1;更改文件名},,-1474.714,218.902,,,,,,,,,,22.5,0,,,,,
MTEXT,尺寸线层,256,BYLAYER,-1,,,,引用于: 标题,{\T1.1;签  字},,-1283.426,219.886,,,,,,,,,,22.5,0,,,,,
MTEXT,尺寸线层,256,BYLAYER,-1,,,,引用于: 标题,{\T1.1;日 期},,-1161.522,217.809,,,,,,,,,,22.5,0,,,,,
MTEXT,尺寸线层,256,BYLAYER,-1,,,,引用于: 标题,{\T1.1;设  计},,-1600.066,172.59,,,,,,,,,,22.5,0,,,,,
MTEXT,尺寸线层,256,BYLAYER,-1,,,,引用于: 标题,{\T1.1;日  期},,-1324.817,37.262,,,,,,,,,,22.5,0,,,,,
LINE,细实线层,256,BYLAYER,-1,,,,引用于: 标题,,,,,-1080,126,-540,126,,,,,,,,,,,,
LINE,粗实线层,256,BYLAYER,-1,,,,引用于: 标题,,,,,-1080,54,-540,54,,,,,,,,,,,,
LINE,粗实线层,256,BYLAYER,-1,,,,引用于: 标题,,,,,-810,180,-810,0,,,,,,,,,,,,
LINE,粗实线层,256,BYLAYER,-1,,,,引用于: 标题,,,,,-675,180,-675,54,,,,,,,,,,,,
LINE,细实线层,256,BYLAYER,-1,,,,引用于: 标题,,,,,-1012.5,126,-1012.5,54,,,,,,,,,,,,
LINE,细实线层,256,BYLAYER,-1,,,,引用于: 标题,,,,,-945,126,-945,54,,,,,,,,,,,,
LINE,细实线层,256,BYLAYER,-1,,,,引用于: 标题,,,,,-877.5,126,-877.5,54,,,,,,,,,,,,
LINE,粗实线层,256,BYLAYER,-1,,,,引用于: 标题,,,,,0,270,-540,270,,,,,,,,,,,,
LINE,粗实线层,256,BYLAYER,-1,,,,引用于: 标题,,,,,0,135,-540,135,,,,,,,,,,,,
MTEXT,尺寸线层,256,BYLAYER,-1,,,,引用于: 标题,{\T1.1;图  样  标  记},,-1065.309,166.286,,,,,,,,,,22.5,0,,,,,
MTEXT,尺寸线层,256,BYLAYER,-1,,,,引用于: 标题,{\T1.1;重  量},,-792.198,165.302,,,,,,,,,,22.5,0,,,,,
MTEXT,尺寸线层,256,BYLAYER,-1,,,,引用于: 标题,{\T1.1;比  例},,-657.69,167.27,,,,,,,,,,22.5,0,,,,,
MTEXT,尺寸线层,256,BYLAYER,-1,,,,引用于: 标题,{\T1.1;第},,-749.481,41.762,,,,,,,,,,22.5,0,,,,,
MTEXT,尺寸线层,256,BYLAYER,-1,,,,引用于: 标题,{\T1.1;张},,-891.841,40.778,,,,,,,,,,22.5,0,,,,,
MTEXT,尺寸线层,256,BYLAYER,-1,,,,引用于: 标题,{\T1.1;共},,-1017.841,40.778,,,,,,,,,,22.5,0,,,,,
MTEXT,尺寸线层,256,BYLAYER,-1,,,,引用于: 标题,{\T1.1;张},,-623.481,41.762,,,,,,,,,,22.5,0,,,,,
LINE,粗实线层,256,BYLAYER,-1,,,,引用于: 标题,,,,,0,405,-1620,405,,,,,,,,,,,,
LINE,粗实线层,256,BYLAYER,-1,,,,引用于: 标题,,,,,-1620,45,-1080,45,,,,,,,,,,,,
LINE,粗实线层,256,BYLAYER,-1,,,,引用于: 标题,,,,,-1620,90,-1080,90,,,,,,,,,,,,
LINE,粗实线层,256,BYLAYER,-1,,,,引用于: 标题,,,,,-1620,135,-1080,135,,,,,,,,,,,,
MTEXT,尺寸线层,256,BYLAYER,-1,,,,引用于: 标题,{\W0.7;\T1.1;羿射旭减隔震张家口有限公司},,-1080,325,,,,,,,,,,40,0,,,,,
MTEXT,尺寸线层,256,BYLAYER,-1,,,,引用于: 标题,\W0.80;\T1.1;北京第二实验中学,,-462,367.002,,,,,,,,,,40,0,,,,,
MTEXT,尺寸线层,256,BYLAYER,-1,,,,引用于: 标题,{\W0.7;\T1.1;屈曲约束支撑},,-410.828,233.5,,,,,,,,,,45,0,,,,,
MTEXT,尺寸线层,256,BYLAYER,-1,,,,引用于: 标题,\W0.7;\T1.1;YSX-BRB-400-L,,-416.267,85.424,,,,,,,,,,40,0,,,,,
MTEXT,尺寸线层,256,BYLAYER,-1,,,,引用于: 标题,{\T1.1;1:9},,-629.877,98.475,,,,,,,,,,22.5,0,,,,,
MTEXT,尺寸线层,256,BYLAYER,-1,,,,引用于: 标题,{\T1.1;/},,-751.606,107.159,,,,,,,,,,22.5,0,,,,,
MTEXT,尺寸线层,256,BYLAYER,-1,,,,,芯板材料：LY225,,-1072.959,-605.701,,,,,,,,,,50,0,,,,,
dimstyle,,,,,,,标准,,"{""dimtxt"": 3.5, ""dimclrd"": 0, ""dimasz"": 4.0, ""dimtad"": 1, ""dimjust"": 0, ""dimlwd"": -2, ""dimexo"": 0.0, ""dimscale"": 1, ""dimalt"": 0, ""dimadec"": 2, ""dimdsep"": 44}",,,,,,,,,,,,,,,,,,,
dimstyle,,,,,,,Standard,,"{""dimtxt"": 2.5, ""dimclrd"": 0, ""dimasz"": 2.5, ""dimtad"": 1, ""dimjust"": 0, ""dimlwd"": -2, ""dimexo"": 0.625, ""dimscale"": 1, ""dimalt"": 0, ""dimadec"": 2, ""dimdsep"": 44}",,,,,,,,,,,,,,,,,,,
dimstyle,,,,,,,CUSTOM_DIMSTYLE,,"{""dimtxt"": 3.5, ""dimclrd"": 3, ""dimasz"": 5.0, ""dimtad"": 1, ""dimjust"": 0, ""dimlwd"": -2, ""dimexo"": 0.0, ""dimscale"": 5.0, ""dimalt"": 0, ""dimadec"": 3, ""dimdsep"": 44}",,,,,,,,,,,,,,,,,,,
dimstyle,,,,,,,GB_尺寸,,"{""dimtxt"": 3.5, ""dimclrd"": 0, ""dimasz"": 4.0, ""dimtad"": 1, ""dimjust"": 0, ""dimlwd"": -2, ""dimexo"": 0.0, ""dimscale"": 1, ""dimalt"": 0, ""dimadec"": 2, ""dimdsep"": 44}",,,,,,,,,,,,,,,,,,,
dimstyle,,,,,,,GB_引出说明(1984),,"{""dimtxt"": 3.5, ""dimclrd"": 0, ""dimasz"": 4.0, ""dimtad"": 1, ""dimjust"": 0, ""dimlwd"": -2, ""dimexo"": 0.0, ""dimscale"": 1, ""dimalt"": 0, ""dimadec"": 2, ""dimdsep"": 44}",,,,,,,,,,,,,,,,,,,
dimstyle,,,,,,,GB_锥度(2003),,"{""dimtxt"": 3.5, ""dimclrd"": 0, ""dimasz"": 4.0, ""dimtad"": 1, ""dimjust"": 0, ""dimlwd"": -2, ""dimexo"": 0.0, ""dimscale"": 1, ""dimalt"": 0, ""dimadec"": 2, ""dimdsep"": 44}",,,,,,,,,,,,,,,,,,,
